id_mt,entidad,gizscore,fallecidos,gipvalue,tramo,nombre,latitud,longitud,pr,municipio,departamento,divipola,fecha,anio,mes,dia,nombre_mes
4G013,ANI,1.771262,11,0.076517,BOGOTÁ - VILLAVICENCIO,IP  –  Chirajara - Fundadores,4.452987,-74.046677,10,CHIPAQUE,CUNDINAMARCA,25178,2024-05-10,2024,5,10,May
4G013,ANI,3.818008,23,0.000135,BOGOTÁ - VILLAVICENCIO,IP  –  Chirajara - Fundadores,4.228251,-73.818342,58,GUAYABETAL,CUNDINAMARCA,25335,2024-12-31,2024,12,31,December
4G013,ANI,2.796662,1,0.005163,BOGOTÁ - VILLAVICENCIO,IP  –  Chirajara - Fundadores,4.203601,-73.807188,60,GUAYABETAL,CUNDINAMARCA,25335,2024-11-10,2024,11,10,November
4G013,ANI,1.725132,1,0.084504,BOGOTÁ - VILLAVICENCIO,IP  –  Chirajara - Fundadores,4.121453,-73.643971,85,VILLAVICENCIO,META,50001,2022-05-02,2022,5,2,May
,INVIAS-OTROS,1.725132,13,0.084504,GRANADA - VILLAVICENCIO,,4.115757,-73.647497,sd,VILLAVICENCIO,META,50001,2023-04-12,2023,4,12,April
4G020,ANI,1.93442,4,0.053062,VILLAVICENCIO - YOPAL,Villavicencio - Yopal,4.201806,-73.592214,8,RESTREPO,META,50606,2022-11-27,2022,11,27,November
3G001,ANI,1.942162,1,0.052117,DUITAMA-SOGAMOSO,Briceño - Tunja - Sogamoso,5.808537,-73.012985,2,TIBASOSA,BOYACÁ,15806,2022-03-29,2022,3,29,March
3G001,ANI,2.144165,15,0.03202,DUITAMA-SOGAMOSO,Briceño - Tunja - Sogamoso,5.806803,-73.027743,0,DUITAMA,BOYACÁ,15238,2024-05-21,2024,5,21,May
3G001,ANI,2.144165,1,0.03202,TUNJA - DUITAMA,Briceño - Tunja - Sogamoso,5.803867,-73.040309,47,DUITAMA,BOYACÁ,15238,2022-05-11,2022,5,11,May
3G001,ANI,2.144165,9,0.03202,TUNJA - DUITAMA,Briceño - Tunja - Sogamoso,5.798637,-73.042764,45,DUITAMA,BOYACÁ,15238,2024-02-09,2024,2,9,February
3G001,ANI,2.403517,11,0.016238,BOGOTÁ - TUNJA,Briceño - Tunja - Sogamoso,5.00172,-73.865477,32,GACHANCIPÁ,CUNDINAMARCA,25295,2022-12-10,2022,12,10,December
3G001,ANI,2.283962,1,0.022374,BOGOTÁ - TUNJA,Briceño - Tunja - Sogamoso,4.975713,-73.89282,28,GACHANCIPÁ,CUNDINAMARCA,25295,2024-03-16,2024,3,16,March
3G001,ANI,2.454862,13,0.014094,BOGOTÁ - TUNJA,Briceño - Tunja - Sogamoso,4.969318,-73.902877,26,TOCANCIPÁ,CUNDINAMARCA,25817,2023-01-21,2023,1,21,January
3G001,ANI,3.138462,9,0.001698,BOGOTÁ - TUNJA,Briceño - Tunja - Sogamoso,4.963642,-73.916891,sd,TOCANCIPÁ,CUNDINAMARCA,25817,2024-08-13,2024,8,13,August
4G012,ANI,1.725132,2,0.084504,VILLAVICENCIO-PUENTE ARIMENA,IP Malla Vial del Meta,4.095555,-72.948075,3,PUERTO LÓPEZ,META,50573,2022-10-04,2022,10,4,October
4G012,ANI,1.725132,2,0.084504,VILLAVICENCIO-PUENTE ARIMENA,IP Malla Vial del Meta,4.078851,-72.973513,77,PUERTO LÓPEZ,META,50573,2023-04-05,2023,4,5,April
,INVIAS-OTROS,2.10757,10,0.035068,BOGOTÁ - BARBOSA,,5.084119,-73.928809,38,NEMOCÓN,CUNDINAMARCA,25486,2022-01-22,2022,1,22,January
,INVIAS-OTROS,2.995412,13,0.002741,PUERTO ARAÚJO-CIMITARRA,,6.345133,-73.960097,27,CIMITARRA,SANTANDER,68190,2022-09-10,2022,9,10,September
1G002,ANI,2.625762,12,0.008646,BOGOTÁ - VILLETA,Bogotá – La Vega – Villeta (BVLPV),4.986548,-74.326199,93,LA VEGA,CUNDINAMARCA,25402,2024-01-18,2024,1,18,January
1G002,ANI,2.967562,10,0.003002,BOGOTÁ - VILLETA,Bogotá – La Vega – Villeta (BVLPV),4.995154,-74.338199,91,LA VEGA,CUNDINAMARCA,25402,2024-05-06,2024,5,6,May
1G002,ANI,4.676561,10,3e-06,BOGOTÁ - VILLETA,Bogotá – La Vega – Villeta (BVLPV),5.024027,-74.470159,67,VILLETA,CUNDINAMARCA,25875,2023-04-20,2023,4,20,April
,DEPTO,3.399433,12,0.000675,NAN,,5.012001,-74.480712,64,VILLETA,CUNDINAMARCA,25875,2024-12-18,2024,12,18,December
,INVIAS-OTROS,3.818008,14,0.000135,VILLETA-HONDA,,5.024411,-74.491387,62,VILLETA,CUNDINAMARCA,25875,2023-05-26,2023,5,26,May
,INVIAS-OTROS,1.93442,7,0.053062,VILLETA-HONDA,,5.060263,-74.575627,36,GUADUAS,CUNDINAMARCA,25320,2023-12-01,2023,12,1,December
,INVIAS-OTROS,2.454862,8,0.014094,VILLETA-HONDA,,5.06123,-74.584733,34,GUADUAS,CUNDINAMARCA,25320,2024-09-02,2024,9,2,September
,INVIAS-OTROS,2.143707,8,0.032056,VILLETA-HONDA,,5.064345,-74.593076,34,GUADUAS,CUNDINAMARCA,25320,2022-07-09,2022,7,9,July
1G007,ANI,2.995412,13,0.002741,BOGOTÁ - MOSQUERA,Bogotá (Fontibón) – Faca – Los Alpes,4.696039,-74.173057,72,MOSQUERA,CUNDINAMARCA,25473,2024-08-15,2024,8,15,August
1G007,ANI,6.546778,25,0.0,BOGOTÁ - MOSQUERA,Bogotá (Fontibón) – Faca – Los Alpes,4.697829,-74.198878,69,FUNZA,CUNDINAMARCA,25286,2023-11-18,2023,11,18,November
1G007,ANI,3.138462,5,0.001698,MOSQUERA - FACATATIVA - LOS ANDES,Bogotá (Fontibón) – Faca – Los Alpes,4.774403,-74.317396,52,MADRID,CUNDINAMARCA,25430,2024-08-15,2024,8,15,August
1G007,ANI,2.454862,16,0.014094,MOSQUERA - FACATATIVA - LOS ANDES,Bogotá (Fontibón) – Faca – Los Alpes,4.780969,-74.325839,52,FACATATIVÁ,CUNDINAMARCA,25269,2023-07-17,2023,7,17,July
1G007,ANI,1.942162,2,0.052117,MOSQUERA - FACATATIVA - LOS ANDES,Bogotá (Fontibón) – Faca – Los Alpes,4.788334,-74.334441,51,FACATATIVÁ,CUNDINAMARCA,25269,2024-04-11,2024,4,11,April
,DEPTO,3.328315,8,0.000874,MOSQUERA - FUNZA,,4.74712,-74.168107,sd,FUNZA,CUNDINAMARCA,25286,2023-10-09,2023,10,9,October
,DEPTO,6.043761,19,0.0,MOSQUERA - FUNZA,,4.737457,-74.180797,sd,FUNZA,CUNDINAMARCA,25286,2022-01-21,2022,1,21,January
,DEPTO,7.752761,17,0.0,MOSQUERA - FUNZA,,4.726685,-74.191834,sd,FUNZA,CUNDINAMARCA,25286,2024-04-20,2024,4,20,April
,DEPTO,6.120171,18,0.0,MOSQUERA - FUNZA,,4.716745,-74.204249,sd,FUNZA,CUNDINAMARCA,25286,2022-06-16,2022,6,16,June
4G032,ANI,1.93442,3,0.053062,GIRARDOT - BOGOTÁ,IP  –  Ampliación a Tercer Carril Doble Calzada Bogotá - Girardot,4.539306,-74.261896,111,SIBATÉ,CUNDINAMARCA,25740,2023-01-23,2023,1,23,January
4G032,ANI,1.942162,2,0.052117,GIRARDOT - BOGOTÁ,IP  –  Ampliación a Tercer Carril Doble Calzada Bogotá - Girardot,4.536913,-74.281327,107,SOACHA,CUNDINAMARCA,25754,2023-08-24,2023,8,24,August
4G032,ANI,2.403517,11,0.016238,GIRARDOT - BOGOTÁ,IP  –  Ampliación a Tercer Carril Doble Calzada Bogotá - Girardot,4.529922,-74.339426,98,GRANADA,CUNDINAMARCA,25312,2022-11-12,2022,11,12,November
4G032,ANI,1.725132,6,0.084504,GIRARDOT - BOGOTÁ,IP  –  Ampliación a Tercer Carril Doble Calzada Bogotá - Girardot,4.518838,-74.357806,96,GRANADA,CUNDINAMARCA,25312,2022-01-14,2022,1,14,January
4G032,ANI,1.725132,8,0.084504,GIRARDOT - BOGOTÁ,IP  –  Ampliación a Tercer Carril Doble Calzada Bogotá - Girardot,4.504559,-74.364744,94,GRANADA,CUNDINAMARCA,25312,2022-08-30,2022,8,30,August
,INVIAS-OTROS,2.113062,9,0.034595,CALARCÁ - IBAGUÉ,,4.527243,-75.60247,10,CALARCÁ,QUINDÍO,63130,2024-02-16,2024,2,16,February
4G032,ANI,2.562283,10,0.010399,GIRARDOT - BOGOTÁ,IP  –  Ampliación a Tercer Carril Doble Calzada Bogotá - Girardot,4.425913,-74.390199,82,SILVANIA,CUNDINAMARCA,25743,2023-07-19,2023,7,19,July
4G032,ANI,2.454862,8,0.014094,GIRARDOT - BOGOTÁ,IP  –  Ampliación a Tercer Carril Doble Calzada Bogotá - Girardot,4.407575,-74.391368,80,SILVANIA,CUNDINAMARCA,25743,2024-06-16,2024,6,16,June
4G032,ANI,2.77157,3,0.005579,GIRARDOT - BOGOTÁ,IP  –  Ampliación a Tercer Carril Doble Calzada Bogotá - Girardot,4.375719,-74.388125,75,FUSAGASUGÁ,CUNDINAMARCA,25290,2022-04-02,2022,4,2,April
4G032,ANI,2.77157,16,0.005579,GIRARDOT - BOGOTÁ,IP  –  Ampliación a Tercer Carril Doble Calzada Bogotá - Girardot,4.361716,-74.37977,71,FUSAGASUGÁ,CUNDINAMARCA,25290,2024-08-13,2024,8,13,August
4G032,ANI,3.883253,16,0.000103,GIRARDOT - BOGOTÁ,IP  –  Ampliación a Tercer Carril Doble Calzada Bogotá - Girardot,4.310412,-74.439811,61,FUSAGASUGÁ,CUNDINAMARCA,25290,2023-05-24,2023,5,24,May
4G032,ANI,1.811623,9,0.070044,GIRARDOT - BOGOTÁ,IP  –  Ampliación a Tercer Carril Doble Calzada Bogotá - Girardot,4.289098,-74.466172,57,FUSAGASUGÁ,CUNDINAMARCA,25290,2024-02-15,2024,2,15,February
4G032,ANI,3.190145,9,0.001422,GIRARDOT - BOGOTÁ,IP  –  Ampliación a Tercer Carril Doble Calzada Bogotá - Girardot,4.26336,-74.518687,49,FUSAGASUGÁ,CUNDINAMARCA,25290,2022-02-04,2022,2,4,February
4G032,ANI,2.796662,12,0.005163,GIRARDOT - BOGOTÁ,IP  –  Ampliación a Tercer Carril Doble Calzada Bogotá - Girardot,4.260434,-74.535832,43,FUSAGASUGÁ,CUNDINAMARCA,25290,2022-07-25,2022,7,25,July
4G032,ANI,2.143707,4,0.032056,GIRARDOT - BOGOTÁ,IP  –  Ampliación a Tercer Carril Doble Calzada Bogotá - Girardot,4.254834,-74.53858,43,FUSAGASUGÁ,CUNDINAMARCA,25290,2024-10-22,2024,10,22,October
3G009,ANI,1.725132,7,0.084504,IBAGUÉ- GIRARDOT,Girardot – Ibagué – Cajamarca,4.233387,-74.9046,sd,ESPINAL,TOLIMA,73268,2024-10-18,2024,10,18,October
3G009,ANI,2.995412,13,0.002741,IBAGUÉ- GIRARDOT,Girardot – Ibagué – Cajamarca,4.374953,-75.117841,23,IBAGUÉ,TOLIMA,73001,2023-07-20,2023,7,20,July
4G015,ANI,1.811623,9,0.070044,IBAGUÉ - VENADILLO - LÉRIDA,IP  –  Cambao Manizales,4.464096,-75.033862,13,ALVARADO,TOLIMA,73026,2023-12-04,2023,12,4,December
,INVIAS-OTROS,1.811623,9,0.070044,PUERTO SALGAR - BARRANCA,,5.603046,-74.621779,52,PUERTO SALGAR,CUNDINAMARCA,25572,2023-02-06,2023,2,6,February
,INVIAS-OTROS,2.699465,12,0.006945,PUERTO SALGAR - BARRANCA,,6.961981,-73.702929,129,BARRANCABERMEJA,SANTANDER,68081,2023-12-31,2023,12,31,December
,INVIAS-OTROS,4.179201,17,2.9e-05,BARRANCA - AGUACHICA,,7.384705,-73.549463,36,SABANA DE TORRES,SANTANDER,68655,2022-06-11,2022,6,11,June
,INVIAS-OTROS,2.699465,12,0.006945,BARRANCA - AGUACHICA,,7.428684,-73.545312,40,SABANA DE TORRES,SANTANDER,68655,2022-07-21,2022,7,21,July
,INVIAS-OTROS,6.250831,24,0.0,BARRANCA - AGUACHICA,,7.733236,-73.435159,82,SAN ALBERTO,CESAR,20710,2024-09-22,2024,9,22,September
,INVIAS-OTROS,3.291359,14,0.000997,BARRANCA - AGUACHICA,,7.790466,-73.403877,3,SAN ALBERTO,CESAR,20710,2022-09-27,2022,9,27,September
,DEPTO,2.292183,1,0.021895,NAN,,7.080771,-73.185884,67,GIRÓN,SANTANDER,68307,2024-03-26,2024,3,26,March
,DEPTO,2.860912,13,0.004224,NAN,,7.073695,-73.179794,69,GIRÓN,SANTANDER,68307,2023-04-01,2023,4,1,April
,DEPTO,3.476334,6,0.000508,NAN,,7.0724,-73.164142,9,GIRÓN,SANTANDER,68307,2024-10-13,2024,10,13,October
,DEPTO,3.309362,9,0.000935,PIEDECUESTA-GIRÓN,,7.064479,-73.166287,8,GIRÓN,SANTANDER,68307,2022-10-23,2022,10,23,October
,INVIAS-OTROS,4.179201,17,2.9e-05,BARBOSA - BUCARAMANGA,,7.06389,-73.095517,1,FLORIDABLANCA,SANTANDER,68276,2023-12-21,2023,12,21,December
,INVIAS-OTROS,5.658936,22,0.0,BARBOSA - BUCARAMANGA,,7.045646,-73.078284,87,FLORIDABLANCA,SANTANDER,68276,2022-12-04,2022,12,4,December
,INVIAS-OTROS,2.699465,12,0.006945,BARBOSA - BUCARAMANGA,,7.02063,-73.06025,84,PIEDECUESTA,SANTANDER,68547,2024-05-28,2024,5,28,May
,INVIAS-OTROS,4.027295,16,5.6e-05,BARBOSA - BUCARAMANGA,,6.99008,-73.044162,79,PIEDECUESTA,SANTANDER,68547,2024-12-12,2024,12,12,December
,INVIAS-OTROS,4.027295,9,5.6e-05,BARBOSA - BUCARAMANGA,,6.972442,-73.044608,78,PIEDECUESTA,SANTANDER,68547,2024-03-02,2024,3,2,March
,INVIAS-OTROS,3.309362,7,0.000935,VARIANTE PEREIRA,,4.813499,-75.801036,5,PEREIRA,RISARALDA,66001,2022-08-05,2022,8,5,August
,INVIAS-OTROS,2.440202,14,0.014679,VARIANTE PEREIRA,,4.810408,-75.810555,8,PEREIRA,RISARALDA,66001,2024-02-03,2024,2,3,February
,INVIAS-OTROS,2.10757,10,0.035068,BARRANCA - AGUACHICA,,7.831367,-73.425267,7,SAN ALBERTO,CESAR,20710,2022-07-07,2022,7,7,July
,INVIAS-OTROS,2.403517,11,0.016238,BARRANCA - AGUACHICA,,7.896122,-73.45797,15,SAN MARTÍN,CESAR,20770,2023-01-15,2023,1,15,January
,INVIAS-OTROS,2.10757,10,0.035068,BARRANCA - AGUACHICA,,7.963444,-73.493668,23,SAN MARTÍN,CESAR,20770,2023-05-08,2023,5,8,May
,INVIAS-OTROS,2.995412,13,0.002741,BARRANCA - AGUACHICA,,8.014307,-73.520019,31,SAN MARTÍN,CESAR,20770,2024-11-30,2024,11,30,November
,INVIAS-OTROS,2.403517,11,0.016238,BARRANCA - AGUACHICA,,8.07286,-73.549345,37,RIO DE ORO,CESAR,20614,2022-01-15,2022,1,15,January
,INVIAS-OTROS,2.893293,4,0.003812,NAN,,7.928047,-72.598278,74,EL ZULIA,NORTE DE SANTANDER,54261,2022-03-06,2022,3,6,March
,INVIAS-OTROS,2.022182,24,0.043158,EL ZULIA-CÚCUTA,,7.930199,-72.590409,58,EL ZULIA,NORTE DE SANTANDER,54261,2023-06-05,2023,6,5,June
1G010,ANI,3.822062,1,0.000132,NAN,Armenia -Pereira - Manizales,4.530654,-75.634098,85,CALARCÁ,QUINDÍO,63130,2023-10-10,2023,10,10,October
,INVIAS-OTROS,4.512465,21,6e-06,CALARCÁ - IBAGUÉ,,4.529347,-75.632733,86,CALARCÁ,QUINDÍO,63130,2024-12-22,2024,12,22,December
1G010,ANI,3.328315,9,0.000874,LA PAILA - CALARCÁ,Armenia -Pereira - Manizales,4.528841,-75.634918,85,CALARCÁ,QUINDÍO,63130,2023-08-16,2023,8,16,August
,INVIAS-OTROS,4.512465,11,6e-06,CALARCÁ - IBAGUÉ,,4.525523,-75.620722,6,CALARCÁ,QUINDÍO,63130,2023-01-27,2023,1,27,January
,INVIAS-OTROS,2.113062,1,0.034595,CALARCÁ - IBAGUÉ,,4.51878,-75.606768,10,CALARCÁ,QUINDÍO,63130,2023-02-23,2023,2,23,February
4G012,ANI,1.811623,9,0.070044,VILLAVICENCIO-PUENTE ARIMENA,IP Malla Vial del Meta,4.061221,-73.147511,55,PUERTO LÓPEZ,META,50573,2022-10-16,2022,10,16,October
4G012,ANI,3.60872,14,0.000308,VILLAVICENCIO-PUENTE ARIMENA,IP Malla Vial del Meta,4.108613,-73.600597,1,VILLAVICENCIO,META,50001,2023-01-14,2023,1,14,January
4G012,ANI,3.60872,9,0.000308,VILLAVICENCIO-PUENTE ARIMENA,IP Malla Vial del Meta,4.119353,-73.613572,sd,VILLAVICENCIO,META,50001,2022-08-19,2022,8,19,August
1G009,ANI,4.198048,20,2.7e-05,MEDELLÍN - SANTUARIO,Desarrollo Vial del Oriente de Medellín – DEVIMED,6.310587,-75.554145,0,BELLO,ANTIOQUIA,5088,2024-10-14,2024,10,14,October
,DEPTO,4.198048,8,2.7e-05,EL HATILLO - GIRARDOTA - COPACABANA - BELLO - MED*,,6.311688,-75.556634,0,BELLO,ANTIOQUIA,5088,2022-02-10,2022,2,10,February
,DEPTO,4.057085,18,5e-05,EL HATILLO - GIRARDOTA - COPACABANA - BELLO - MED*,,6.319209,-75.554685,1,BELLO,ANTIOQUIA,5088,2024-11-17,2024,11,17,November
,DEPTO,2.773603,4,0.005544,EL HATILLO - GIRARDOTA - COPACABANA - BELLO - MED*,,6.328732,-75.551494,sd,BELLO,ANTIOQUIA,5088,2022-05-15,2022,5,15,May
,DEPTO,2.872332,2,0.004075,EL HATILLO - GIRARDOTA - COPACABANA - BELLO - MED*,,6.333141,-75.546963,sd,BELLO,ANTIOQUIA,5088,2022-07-20,2022,7,20,July
,DEPTO,1.774034,7,0.076058,EL HATILLO - GIRARDOTA - COPACABANA - BELLO - MED*,,6.335769,-75.544387,sd,BELLO,ANTIOQUIA,5088,2024-02-19,2024,2,19,February
,DEPTO,2.405296,8,0.016159,EL HATILLO - GIRARDOTA - COPACABANA - BELLO - MED*,,6.338664,-75.541278,sd,BELLO,ANTIOQUIA,5088,2024-07-18,2024,7,18,July
,DEPTO,2.747471,5,0.006006,EL HATILLO - GIRARDOTA - COPACABANA - BELLO - MED*,,6.341784,-75.535189,sd,BELLO,ANTIOQUIA,5088,2024-11-22,2024,11,22,November
,DEPTO,3.258129,10,0.001121,EL HATILLO - GIRARDOTA - COPACABANA - BELLO - MED*,,6.34504,-75.527145,sd,BELLO,ANTIOQUIA,5088,2024-12-07,2024,12,7,December
,DEPTO,5.992653,8,0.0,EL HATILLO - GIRARDOTA - COPACABANA - BELLO - MED*,,6.347716,-75.520433,sd,BELLO,ANTIOQUIA,5088,2023-05-18,2023,5,18,May
,DEPTO,5.531061,29,0.0,EL HATILLO - GIRARDOTA - COPACABANA - BELLO - MED*,,6.351463,-75.510076,sd,COPACABANA,ANTIOQUIA,5212,2023-02-11,2023,2,11,February
,DEPTO,4.505661,4,7e-06,EL HATILLO - GIRARDOTA - COPACABANA - BELLO - MED*,,6.356767,-75.500166,sd,COPACABANA,ANTIOQUIA,5212,2024-03-15,2024,3,15,March
,DEPTO,1.942162,1,0.052117,EL HATILLO - GIRARDOTA - COPACABANA - BELLO - MED*,,6.390938,-75.445768,sd,GIRARDOTA,ANTIOQUIA,5308,2022-04-09,2022,4,9,April
,DEPTO,2.283962,13,0.022374,EL HATILLO - GIRARDOTA - COPACABANA - BELLO - MED*,,6.397619,-75.436746,sd,GIRARDOTA,ANTIOQUIA,5308,2023-11-15,2023,11,15,November
,DEPTO,2.796662,8,0.005163,EL HATILLO - GIRARDOTA - COPACABANA - BELLO - MED*,,6.405591,-75.426525,sd,GIRARDOTA,ANTIOQUIA,5308,2023-12-27,2023,12,27,December
,DEPTO,1.771262,4,0.076517,EL HATILLO - GIRARDOTA - COPACABANA - BELLO - MED*,,6.411562,-75.415101,sd,BARBOSA,ANTIOQUIA,5079,2024-08-18,2024,8,18,August
,DEPTO,2.10757,10,0.035068,NAN,,6.433996,-75.337423,9,BARBOSA,ANTIOQUIA,5079,2023-09-05,2023,9,5,September
1G009,ANI,1.848127,6,0.064584,MEDELLÍN - SANTUARIO,Desarrollo Vial del Oriente de Medellín – DEVIMED,6.248448,-75.424514,27,GUARNE,ANTIOQUIA,5318,2023-10-05,2023,10,5,October
1G009,ANI,1.771262,5,0.076517,MEDELLÍN - SANTUARIO,Desarrollo Vial del Oriente de Medellín – DEVIMED,6.252809,-75.429236,25,GUARNE,ANTIOQUIA,5318,2024-10-25,2024,10,25,October
1G009,ANI,2.33129,5,0.019738,MEDELLÍN - SANTUARIO,Desarrollo Vial del Oriente de Medellín – DEVIMED,6.32795,-75.480226,15,COPACABANA,ANTIOQUIA,5212,2023-05-18,2023,5,18,May
1G009,ANI,2.33129,1,0.019738,MEDELLÍN - SANTUARIO,Desarrollo Vial del Oriente de Medellín – DEVIMED,6.328481,-75.48361,15,COPACABANA,ANTIOQUIA,5212,2024-02-06,2024,2,6,February
1G009,ANI,2.019913,9,0.043392,MEDELLÍN - SANTUARIO,Desarrollo Vial del Oriente de Medellín – DEVIMED,6.323438,-75.539697,2,BELLO,ANTIOQUIA,5088,2023-02-02,2023,2,2,February
1G009,ANI,4.074447,1,4.6e-05,MEDELLÍN - SANTUARIO,Desarrollo Vial del Oriente de Medellín – DEVIMED,6.322096,-75.544771,1,BELLO,ANTIOQUIA,5088,2024-05-20,2024,5,20,May
1G009,ANI,3.766984,1,0.000165,MEDELLÍN - SANTUARIO,Desarrollo Vial del Oriente de Medellín – DEVIMED,6.31862,-75.546815,1,BELLO,ANTIOQUIA,5088,2024-03-05,2024,3,5,March
1G009,ANI,4.057085,4,5e-05,MEDELLÍN - SANTUARIO,Desarrollo Vial del Oriente de Medellín – DEVIMED,6.313718,-75.548768,0,BELLO,ANTIOQUIA,5088,2023-01-28,2023,1,28,January
,DEPTO,2.403517,11,0.016238,BUGA- LA VICTORIA,,4.316067,-76.070563,21,ZARZAL,VALLE DEL CAUCA,76895,2022-07-26,2022,7,26,July
,DEPTO,3.883253,16,0.000103,BUGA- LA VICTORIA,,4.357573,-76.068876,26,ZARZAL,VALLE DEL CAUCA,76895,2024-11-04,2024,11,4,November
,INVIAS-OTROS,2.781367,17,0.005413,VITERBO-ANSERMANUEVO,,4.744053,-75.911907,sd,CARTAGO,VALLE DEL CAUCA,76147,2024-06-10,2024,6,10,June
,INVIAS-OTROS,1.777049,1,0.07556,LA VICTORIA-LA VIRGINIA,,4.735231,-75.903363,76,CARTAGO,VALLE DEL CAUCA,76147,2024-05-13,2024,5,13,May
,INVIAS-OTROS,1.662108,2,0.096491,NAN,,4.73792,-75.898956,2,CARTAGO,VALLE DEL CAUCA,76147,2024-01-13,2024,1,13,January
,DEPTO,4.771095,19,2e-06,BUGA- LA VICTORIA,,4.168398,-76.173499,0,ANDALUCÍA,VALLE DEL CAUCA,76036,2023-07-18,2023,7,18,July
,DEPTO,4.179201,17,2.9e-05,BUGA- LA VICTORIA,,4.037479,-76.210181,87,SAN PEDRO,VALLE DEL CAUCA,76670,2024-10-17,2024,10,17,October
,DEPTO,5.954884,23,0.0,BUGA- LA VICTORIA,,4.000509,-76.229883,82,SAN PEDRO,VALLE DEL CAUCA,76670,2022-04-06,2022,4,6,April
,DEPTO,2.143707,9,0.032056,BUGA- LA VICTORIA,,3.975317,-76.248638,78,SAN PEDRO,VALLE DEL CAUCA,76670,2023-04-30,2023,4,30,April
,DEPTO,3.651162,7,0.000261,BUGA- LA VICTORIA,,3.964974,-76.261151,sd,SAN PEDRO,VALLE DEL CAUCA,76670,2022-08-19,2022,8,19,August
,DEPTO,4.334761,14,1.5e-05,BUGA- LA VICTORIA,,3.952215,-76.27109,75,BUGA,VALLE DEL CAUCA,76111,2024-01-19,2024,1,19,January
,DEPTO,4.163861,13,3.1e-05,BUGA- LA VICTORIA,,3.938814,-76.279742,73,BUGA,VALLE DEL CAUCA,76111,2023-06-25,2023,6,25,June
,DEPTO,2.967562,6,0.003002,BUGA- LA VICTORIA,,3.928157,-76.28615,71,BUGA,VALLE DEL CAUCA,76111,2024-11-25,2024,11,25,November
,DEPTO,2.113062,7,0.034595,BUGA- LA VICTORIA,,3.921209,-76.29417,70,BUGA,VALLE DEL CAUCA,76111,2023-06-09,2023,6,9,June
,DEPTO,2.283962,8,0.022374,BUGA- LA VICTORIA,,3.909898,-76.306519,68,BUGA,VALLE DEL CAUCA,76111,2023-08-01,2023,8,1,August
,DEPTO,1.848127,7,0.064584,BUGA- LA VICTORIA,,3.897147,-76.312121,118,BUGA,VALLE DEL CAUCA,76111,2023-11-13,2023,11,13,November
,INVIAS-OTROS,2.198885,7,0.027886,LOBOGUERRERO - BUGA,,3.891756,-76.317133,117,BUGA,VALLE DEL CAUCA,76111,2023-07-11,2023,7,11,July
,INVIAS-OTROS,4.771095,19,2e-06,CANDELARIA-BUGA,,3.835801,-76.302609,59,BUGA,VALLE DEL CAUCA,76111,2024-10-09,2024,10,9,October
,INVIAS-OTROS,4.655158,18,3e-06,CANDELARIA-BUGA,,3.785473,-76.319112,55,GUACARÍ,VALLE DEL CAUCA,76318,2023-10-08,2023,10,8,October
,INVIAS-OTROS,4.655158,10,3e-06,CANDELARIA-BUGA,,3.770634,-76.326015,53,GUACARÍ,VALLE DEL CAUCA,76318,2024-03-06,2024,3,6,March
,INVIAS-OTROS,2.10757,10,0.035068,CANDELARIA-BUGA,,3.745999,-76.324502,49,GUACARÍ,VALLE DEL CAUCA,76318,2024-11-17,2024,11,17,November
,INVIAS-OTROS,1.942162,8,0.052117,CANDELARIA-BUGA,,3.684455,-76.307218,42,EL CERRITO,VALLE DEL CAUCA,76248,2022-07-09,2022,7,9,July
,INVIAS-OTROS,7.138672,27,0.0,CALI - PALMIRA,,3.517906,-76.366127,13,PALMIRA,VALLE DEL CAUCA,76520,2023-09-25,2023,9,25,September
,INVIAS-OTROS,5.067042,20,0.0,CALI - PALMIRA,,3.507193,-76.413909,9,PALMIRA,VALLE DEL CAUCA,76520,2023-09-20,2023,9,20,September
,INVIAS-OTROS,1.771262,5,0.076517,NAN,,3.551248,-76.477194,sd,PALMIRA,VALLE DEL CAUCA,76520,2024-08-30,2024,8,30,August
,INVIAS-OTROS,2.562283,7,0.010399,CALI-DAGUA,,3.451146,-76.539785,sd,CALI,VALLE DEL CAUCA,76001,2023-12-11,2023,12,11,December
,INVIAS-OTROS,1.771262,11,0.076517,CALI-DAGUA,,3.452461,-76.553232,sd,CALI,VALLE DEL CAUCA,76001,2023-10-11,2023,10,11,October
,INVIAS-OTROS,2.454862,1,0.014094,CALI-DAGUA,,3.451813,-76.566716,sd,CALI,VALLE DEL CAUCA,76001,2022-11-14,2022,11,14,November
,INVIAS-OTROS,1.771262,11,0.076517,CALI-DAGUA,,3.45358,-76.571696,sd,CALI,VALLE DEL CAUCA,76001,2023-11-15,2023,11,15,November
,INVIAS-OTROS,2.625762,7,0.008646,CALI-DAGUA,,3.461738,-76.585255,9,CALI,VALLE DEL CAUCA,76001,2023-10-26,2023,10,26,October
,INVIAS-OTROS,1.93442,5,0.053062,CALI-DAGUA,,3.659968,-76.687838,48,DAGUA,VALLE DEL CAUCA,76233,2023-03-18,2023,3,18,March
,INVIAS-OTROS,2.283962,9,0.022374,BUENAVENTURA-CITRONELA,,3.886307,-76.957788,16,BUENAVENTURA,VALLE DEL CAUCA,76109,2023-07-18,2023,7,18,July
,INVIAS-OTROS,2.283962,6,0.022374,BUENAVENTURA-CITRONELA,,3.877498,-76.969294,15,BUENAVENTURA,VALLE DEL CAUCA,76109,2024-08-09,2024,8,9,August
,INVIAS-OTROS,3.822062,7,0.000132,BUENAVENTURA-CITRONELA,,3.870116,-76.980122,12,BUENAVENTURA,VALLE DEL CAUCA,76109,2023-11-30,2023,11,30,November
,INVIAS-OTROS,4.027295,18,5.6e-05,BUENAVENTURA-CITRONELA,,3.867071,-76.989767,12,BUENAVENTURA,VALLE DEL CAUCA,76109,2022-04-23,2022,4,23,April
,INVIAS-OTROS,2.113062,11,0.034595,LOBOGUERRERO - BUGA,,3.892281,-76.330593,117,BUGA,VALLE DEL CAUCA,76111,2022-01-02,2022,1,2,January
,INVIAS-OTROS,4.771095,19,2e-06,AGUACHICA  - SAN ROQUE,,8.317272,-73.59724,67,AGUACHICA,CESAR,20011,2023-10-04,2023,10,4,October
,INVIAS-OTROS,4.475148,18,8e-06,AGUACHICA  - SAN ROQUE,,8.615513,-73.635588,1,LA GLORIA,CESAR,20383,2022-08-08,2022,8,8,August
,INVIAS-OTROS,3.291359,14,0.000997,AGUACHICA  - SAN ROQUE,,8.678751,-73.655793,9,PELAYA,CESAR,20550,2024-05-04,2024,5,4,May
3G012,ANI,2.403517,11,0.016238,CARMEN DE BOLÍVAR-BOSCONIA,Ruta del Sol 3,9.955669,-73.917679,22,BOSCONIA,CESAR,20060,2023-01-20,2023,1,20,January
3G012,ANI,3.883253,16,0.000103,BOSCONIA - CIENAGA,Ruta del Sol 3,9.93861,-73.862205,84,BOSCONIA,CESAR,20060,2024-12-12,2024,12,12,December
3G012,ANI,1.811623,9,0.070044,SAN ROQUE - BOSCONIA,Ruta del Sol 3,9.607065,-73.612902,38,EL PASO,CESAR,20250,2023-12-31,2023,12,31,December
3G012,ANI,2.10757,10,0.035068,SAN ROQUE - BOSCONIA,Ruta del Sol 3,9.319363,-73.516691,4,CURUMANÍ,CESAR,20228,2022-09-04,2022,9,4,September
,INVIAS-OTROS,1.811623,9,0.070044,AGUACHICA  - SAN ROQUE,,9.212012,-73.526195,79,CURUMANÍ,CESAR,20228,2024-04-15,2024,4,15,April
,INVIAS-OTROS,2.10757,10,0.035068,AGUACHICA  - SAN ROQUE,,8.988073,-73.629476,45,PAILITAS,CESAR,20517,2022-07-22,2022,7,22,July
,INVIAS-OTROS,5.954884,23,0.0,AGUACHICA  - SAN ROQUE,,8.91766,-73.642138,37,PAILITAS,CESAR,20517,2022-05-03,2022,5,3,May
,INVIAS-OTROS,1.848127,7,0.064584,YUMBO - YOTOCO - BUGA,,3.597351,-76.483492,14,YUMBO,VALLE DEL CAUCA,76892,2023-02-05,2023,2,5,February
,INVIAS-OTROS,3.655345,5,0.000257,YUMBO - YOTOCO - BUGA,,3.591317,-76.483483,13,YUMBO,VALLE DEL CAUCA,76892,2024-02-06,2024,2,6,February
,INVIAS-OTROS,4.449778,10,9e-06,YUMBO - YOTOCO - BUGA,,3.585137,-76.484617,13,YUMBO,VALLE DEL CAUCA,76892,2022-10-21,2022,10,21,October
,INVIAS-OTROS,4.582184,18,5e-06,YUMBO - YOTOCO - BUGA,,3.577806,-76.486178,11,YUMBO,VALLE DEL CAUCA,76892,2022-10-07,2022,10,7,October
,INVIAS-OTROS,4.317373,8,1.6e-05,YUMBO - YOTOCO - BUGA,,3.5689,-76.485162,10,YUMBO,VALLE DEL CAUCA,76892,2024-06-02,2024,6,2,June
,INVIAS-OTROS,3.714522,8,0.000204,YUMBO - YOTOCO - BUGA,,3.563146,-76.489157,8,YUMBO,VALLE DEL CAUCA,76892,2022-07-17,2022,7,17,July
,INVIAS-OTROS,1.996146,3,0.045918,YUMBO - YOTOCO - BUGA,,3.559836,-76.492298,8,YUMBO,VALLE DEL CAUCA,76892,2024-09-08,2024,9,8,September
4G017,ANI,4.334761,19,1.5e-05,NEIVA-GIRARDOT,IP  –  Neiva – Espinal - Girardot,4.150533,-74.888622,3,ESPINAL,TOLIMA,73268,2024-01-22,2024,1,22,January
,INVIAS-OTROS,1.811623,9,0.070044,SAN ROQUE-LA PAZ,,9.326617,-73.488783,6,CURUMANÍ,CESAR,20228,2022-05-24,2022,5,24,May
,INVIAS-OTROS,4.771095,19,2e-06,SAN ROQUE-LA PAZ,,10.289912,-73.206808,128,SAN DIEGO,CESAR,20750,2023-09-01,2023,9,1,September
,CIUDAD,2.699465,12,0.006945,NAN,,10.46437,-73.253769,sd,VALLEDUPAR,CESAR,20001,2022-07-06,2022,7,6,July
,INVIAS-OTROS,2.10757,10,0.035068,LA PAZ - MAICAO,,10.890788,-72.842541,6,FONSECA,LA GUAJIRA,44279,2023-04-09,2023,4,9,April
1G003,ANI,5.954884,23,0.0,SANTA MARTA-MAICAO-PARAGUACHÓN,Santa Marta - Paraguachón,11.371088,-72.191169,81,MAICAO,LA GUAJIRA,44430,2023-10-22,2023,10,22,October
1G003,ANI,2.403517,11,0.016238,SANTA MARTA-MAICAO-PARAGUACHÓN,Santa Marta - Paraguachón,11.506861,-72.76381,15,MANAURE,LA GUAJIRA,44560,2024-02-03,2024,2,3,February
1G003,ANI,4.179201,17,2.9e-05,SANTA MARTA-MAICAO-PARAGUACHÓN,Santa Marta - Paraguachón,11.519362,-72.954554,88,RIOHACHA,LA GUAJIRA,44001,2024-08-12,2024,8,12,August
1G003,ANI,2.10757,10,0.035068,SANTA MARTA-MAICAO-PARAGUACHÓN,Santa Marta - Paraguachón,11.258772,-73.160237,50,DIBULLA,LA GUAJIRA,44090,2023-02-07,2023,2,7,February
1G003,ANI,2.403517,11,0.016238,SANTA MARTA-MAICAO-PARAGUACHÓN,Santa Marta - Paraguachón,11.229646,-73.224032,42,DIBULLA,LA GUAJIRA,44090,2022-05-27,2022,5,27,May
1G003,ANI,1.811623,9,0.070044,SANTA MARTA-MAICAO-PARAGUACHÓN,Santa Marta - Paraguachón,11.248769,-73.779344,48,SANTA MARTA,MAGDALENA,47001,2024-05-13,2024,5,13,May
1G003,ANI,2.699465,12,0.006945,SANTA MARTA-MAICAO-PARAGUACHÓN,Santa Marta - Paraguachón,11.276734,-74.039509,16,SANTA MARTA,MAGDALENA,47001,2023-05-04,2023,5,4,May
,DEPTO,6.842725,26,0.0,CIENAGA - BARRANQUILLA,,11.00709,-74.237504,62,CIÉNAGA,MAGDALENA,47189,2024-07-17,2024,7,17,July
3G012,ANI,3.883253,16,0.000103,BOSCONIA - CIENAGA,Ruta del Sol 3,10.982643,-74.194628,96,CIÉNAGA,MAGDALENA,47189,2023-07-05,2023,7,5,July
,DEPTO,2.403517,11,0.016238,CIENAGA - BARRANQUILLA,,10.993441,-74.28516,56,PUEBLOVIEJO,MAGDALENA,47570,2022-12-04,2022,12,4,December
3G012,ANI,2.10757,10,0.035068,BOSCONIA - CIENAGA,Ruta del Sol 3,10.893418,-74.15375,86,ZONA BANANERA,MAGDALENA,47980,2024-05-21,2024,5,21,May
3G012,ANI,2.699465,12,0.006945,BOSCONIA - CIENAGA,Ruta del Sol 3,10.654616,-74.162503,54,ZONA BANANERA,MAGDALENA,47980,2023-10-03,2023,10,3,October
3G012,ANI,1.811623,9,0.070044,BOSCONIA - CIENAGA,Ruta del Sol 3,10.027275,-73.911137,5,BOSCONIA,CESAR,20060,2023-04-18,2023,4,18,April
,DEPTO,2.10757,10,0.035068,CIENAGA - BARRANQUILLA,,10.974471,-74.342166,50,PUEBLOVIEJO,MAGDALENA,47570,2022-05-31,2022,5,31,May
,DEPTO,2.403517,11,0.016238,CIENAGA - BARRANQUILLA,,11.00656,-74.671399,12,SITIONUEVO,MAGDALENA,47745,2022-09-20,2022,9,20,September
3G008,ANI,9.50625,35,0.0,BARRANQUILLA - MALAMBO - PALMAR DE VARELA,Ruta Caribe,10.920684,-74.775729,78,SOLEDAD,ATLÁNTICO,8758,2022-05-24,2022,5,24,May
4G005,ANI,1.811623,9,0.070044,BARRANQUILLA - CARTAGENA,Cartagena – Barranquilla – “Circunvalar de la Prosperidad”,11.013682,-74.880656,104,PUERTO COLOMBIA,ATLÁNTICO,8573,2022-12-12,2022,12,12,December
4G005,ANI,1.811623,9,0.070044,BARRANQUILLA - CARTAGENA,Cartagena – Barranquilla – “Circunvalar de la Prosperidad”,10.543179,-75.460686,12,CARTAGENA DE INDIAS,BOLÍVAR,13001,2023-09-16,2023,9,16,September
3G008,ANI,2.796662,10,0.005163,SINCERIN - ARJONA - TURBACO - CARTAGENA,Ruta Caribe,10.338313,-75.418314,92,TURBACO,BOLÍVAR,13836,2024-10-13,2024,10,13,October
3G008,ANI,2.980858,10,0.002874,SINCERIN - ARJONA - TURBACO - CARTAGENA,Ruta Caribe,10.332981,-75.410213,92,TURBACO,BOLÍVAR,13836,2024-05-30,2024,5,30,May
3G008,ANI,2.10757,10,0.035068,CARTAGENA-BARRANQUILLA (CORDIALIDAD),Ruta Caribe,10.596021,-75.294129,29,SANTA CATALINA,BOLÍVAR,13673,2022-01-02,2022,1,2,January
,INVIAS-OTROS,5.872861,4,0.0,NAN,,10.863689,-74.778801,72,MALAMBO,ATLÁNTICO,8433,2024-06-15,2024,6,15,June
3G008,ANI,6.538746,33,0.0,BARRANQUILLA - MALAMBO - PALMAR DE VARELA,Ruta Caribe,10.852572,-74.77184,71,MALAMBO,ATLÁNTICO,8433,2022-09-11,2022,9,11,September
3G008,ANI,3.291359,14,0.000997,BARRANQUILLA - MALAMBO - PALMAR DE VARELA,Ruta Caribe,10.771084,-74.75912,62,SANTO TOMÁS,ATLÁNTICO,8685,2023-03-29,2023,3,29,March
3G008,ANI,2.699465,12,0.006945,BARRANQUILLA - MALAMBO - PALMAR DE VARELA,Ruta Caribe,10.748465,-74.757868,58,SANTO TOMÁS,ATLÁNTICO,8685,2024-11-26,2024,11,26,November
4G018,ANI,2.403517,11,0.016238,CARRETO - BARRANQUILLA,Puerta de Hierro – Palmar de Varela y Carreto – Cruz del Viso,10.646053,-74.760489,46,PONEDERA,ATLÁNTICO,8560,2024-10-11,2024,10,11,October
4G018,ANI,2.10757,10,0.035068,CARRETO - BARRANQUILLA,Puerta de Hierro – Palmar de Varela y Carreto – Cruz del Viso,10.571941,-74.791658,38,PONEDERA,ATLÁNTICO,8560,2022-01-09,2022,1,9,January
3G008,ANI,2.403517,11,0.016238,CARRETO-CARTAGENA,Ruta Caribe,10.136478,-75.25549,60,MAHATES,BOLÍVAR,13433,2024-03-26,2024,3,26,March
3G008,ANI,2.403517,11,0.016238,SINCERIN - ARJONA - TURBACO - CARTAGENA,Ruta Caribe,10.250748,-75.34756,78,ARJONA,BOLÍVAR,13052,2022-07-27,2022,7,27,July
,INVIAS-OTROS,2.403517,11,0.016238,NAN,,9.380651,-75.682601,3,COVEÑAS,SUCRE,70221,2023-02-08,2023,2,8,February
4G016,ANI,2.10757,10,0.035068,SAN PELAYO-LORICA,IP – Antioquia – Bolívar,9.030229,-75.827469,25,COTORRA,CÓRDOBA,23300,2022-06-01,2022,6,1,June
4G016,ANI,11.873827,43,0.0,CERETÉ - SAN PELAYO,IP – Antioquia – Bolívar,8.920309,-75.812669,13,CERETÉ,CÓRDOBA,23162,2022-02-23,2022,2,23,February
4G016,ANI,1.93442,1,0.053062,ARBOLETES-MONTERÍA,IP – Antioquia – Bolívar,8.781073,-75.894108,60,MONTERÍA,CÓRDOBA,23001,2023-09-20,2023,9,20,September
4G026,ANI,2.403517,11,0.016238,CHIGORODÓ-TURBO,Autopistas al Mar 2,8.076931,-76.673802,6,TURBO,ANTIOQUIA,5837,2023-08-10,2023,8,10,August
4G026,ANI,8.026514,30,0.0,CHIGORODÓ-TURBO,Autopistas al Mar 2,8.005361,-76.640697,16,TURBO,ANTIOQUIA,5837,2022-04-14,2022,4,14,April
4G026,ANI,6.250831,24,0.0,CHIGORODÓ-TURBO,Autopistas al Mar 2,7.873917,-76.635127,30,APARTADÓ,ANTIOQUIA,5045,2022-09-11,2022,9,11,September
4G026,ANI,5.067042,20,0.0,CHIGORODÓ-TURBO,Autopistas al Mar 2,7.795214,-76.653741,40,APARTADÓ,ANTIOQUIA,5045,2023-05-25,2023,5,25,May
4G026,ANI,6.250831,24,0.0,CHIGORODÓ-TURBO,Autopistas al Mar 2,7.724083,-76.667336,48,CAREPA,ANTIOQUIA,5147,2022-04-09,2022,4,9,April
4G026,ANI,2.352995,3,0.018623,CHIGORODÓ-TURBO,Autopistas al Mar 2,7.676232,-76.678499,53,CHIGORODÓ,ANTIOQUIA,5172,2022-06-02,2022,6,2,June
4G026,ANI,2.352995,14,0.018623,SANTAFÉ DE ANTIOQUÍA - CHIGORODÓ,Autopistas al Mar 2,7.666802,-76.677201,0,CHIGORODÓ,ANTIOQUIA,5172,2024-07-02,2024,7,2,July
4G026,ANI,3.883253,16,0.000103,SANTAFÉ DE ANTIOQUÍA - CHIGORODÓ,Autopistas al Mar 2,7.619732,-76.649909,6,CHIGORODÓ,ANTIOQUIA,5172,2024-05-27,2024,5,27,May
,INVIAS-OTROS,1.811623,9,0.070044,LORICA - CHINÚ,,9.236171,-75.64841,19,MOMIL,CÓRDOBA,23464,2022-12-04,2022,12,4,December
3G006,ANI,1.942162,4,0.052117,PLANETA RICA - SINCELEJO,Córdoba – Sucre,8.957414,-75.453161,72,SAHAGÚN,CÓRDOBA,23660,2024-04-01,2024,4,1,April
3G006,ANI,1.811623,9,0.070044,MONTERÍA-LA YE,Córdoba – Sucre,8.879113,-75.662968,14,CIÉNAGA DE ORO,CÓRDOBA,23189,2024-08-14,2024,8,14,August
3G006,ANI,3.883253,16,0.000103,MONTERÍA-LA YE,Córdoba – Sucre,8.885013,-75.720018,8,CIÉNAGA DE ORO,CÓRDOBA,23189,2022-06-10,2022,6,10,June
3G006,ANI,2.143707,6,0.032056,MONTERÍA-LA YE,Córdoba – Sucre,8.887841,-75.752688,4,CERETÉ,CÓRDOBA,23162,2024-03-11,2024,3,11,March
3G006,ANI,2.995412,13,0.002741,MONTERÍA-LA YE,Córdoba – Sucre,8.831702,-75.834453,sd,MONTERÍA,CÓRDOBA,23001,2023-02-02,2023,2,2,February
4G016,ANI,1.93442,1,0.053062,ARBOLETES-MONTERÍA,IP – Antioquia – Bolívar,8.753386,-75.895939,63,MONTERÍA,CÓRDOBA,23001,2024-03-26,2024,3,26,March
4G016,ANI,7.730567,29,0.0,PLANETA RICA - MONTERÍA,IP – Antioquia – Bolívar,8.694844,-75.818022,41,MONTERÍA,CÓRDOBA,23001,2023-02-05,2023,2,5,February
4G016,ANI,3.587306,15,0.000334,PLANETA RICA - MONTERÍA,IP – Antioquia – Bolívar,8.601799,-75.737804,29,MONTERÍA,CÓRDOBA,23001,2023-10-02,2023,10,2,October
3G006,ANI,8.026514,30,0.0,PLANETA RICA - SINCELEJO,Córdoba – Sucre,9.29113,-75.389608,sd,SINCELEJO,SUCRE,70001,2024-11-22,2024,11,22,November
3G006,ANI,1.996146,5,0.045918,SINCELEJO - TOLUVIEJO,Córdoba – Sucre,9.290947,-75.411936,sd,SINCELEJO,SUCRE,70001,2023-11-19,2023,11,19,November
3G006,ANI,1.942162,11,0.052117,SINCELEJO - TOLUVIEJO,Córdoba – Sucre,9.302744,-75.4129,sd,SINCELEJO,SUCRE,70001,2023-04-05,2023,4,5,April
,INVIAS-OTROS,4.475148,18,8e-06,PUERTA DEL HIERRO-MAGANGUÉ,,9.253232,-74.768052,62,MAGANGUÉ,BOLÍVAR,13430,2024-08-12,2024,8,12,August
4G016,ANI,3.883253,16,0.000103,CAUCASIA-PLANETA RICA,IP – Antioquia – Bolívar,8.361346,-75.56274,59,PLANETA RICA,CÓRDOBA,23555,2023-04-15,2023,4,15,April
,DEPTO,3.920156,7,8.8e-05,NAN,,7.079411,-73.16713,9,GIRÓN,SANTANDER,68307,2024-11-11,2024,11,11,November
,DEPTO,3.138462,17,0.001698,NAN,,7.092439,-73.167864,12,GIRÓN,SANTANDER,68307,2024-01-20,2024,1,20,January
,DEPTO,2.625762,3,0.008646,NAN,,7.105292,-73.1642,12,BUCARAMANGA,SANTANDER,68001,2022-02-07,2022,2,7,February
,INVIAS-OTROS,2.699465,12,0.006945,NAN,,6.935449,-71.860429,126,SARAVENA,ARAUCA,81736,2022-08-18,2022,8,18,August
,INVIAS-OTROS,3.291359,14,0.000997,NAN,,6.792454,-71.762877,102,FORTUL,ARAUCA,81300,2023-07-17,2023,7,17,July
,INVIAS-OTROS,3.822062,11,0.000132,YOPAL - TAME,,6.464472,-71.724108,58,TAME,ARAUCA,81794,2023-03-14,2023,3,14,March
,INVIAS-OTROS,3.138462,15,0.001698,TAME - SAN LOPE,,6.461702,-71.73376,58,TAME,ARAUCA,81794,2022-01-27,2022,1,27,January
3G010,ANI,2.995412,13,0.002741,GUADUAS-PUERTO SALGAR,Ruta del Sol 1,5.162565,-74.589129,sd,GUADUAS,CUNDINAMARCA,25320,2022-08-14,2022,8,14,August
,INVIAS-OTROS,2.884258,11,0.003923,VITERBO-ANSERMANUEVO,,4.752233,-75.926535,12,CARTAGO,VALLE DEL CAUCA,76147,2024-03-08,2024,3,8,March
4G017,ANI,4.334761,4,1.5e-05,NEIVA-GIRARDOT,IP  –  Neiva – Espinal - Girardot,4.159177,-74.878766,37,ESPINAL,TOLIMA,73268,2022-10-11,2022,10,11,October
3G009,ANI,4.179201,17,2.9e-05,NAN,Girardot – Ibagué – Cajamarca,4.180779,-74.941403,29,ESPINAL,TOLIMA,73268,2024-05-28,2024,5,28,May
4G017,ANI,4.334761,11,1.5e-05,NAN,IP  –  Neiva – Espinal - Girardot,4.166115,-74.893365,35,ESPINAL,TOLIMA,73268,2024-08-17,2024,8,17,August
4G017,ANI,3.587306,15,0.000334,NEIVA-GIRARDOT,IP  –  Neiva – Espinal - Girardot,3.728237,-75.078416,97,COYAIMA,TOLIMA,73217,2023-03-29,2023,3,29,March
,INVIAS-OTROS,1.725132,11,0.084504,CAMPOALEGRE-NEIVA,,2.900041,-75.280243,sd,NEIVA,HUILA,41001,2024-10-16,2024,10,16,October
4G022,ANI,2.699465,12,0.006945,CAMPOALEGRE-NEIVA,Santana - Mocoa - Neiva,2.773851,-75.304487,98,RIVERA,HUILA,41615,2024-03-26,2024,3,26,March
4G022,ANI,4.179201,17,2.9e-05,CAMPOALEGRE-NEIVA,Santana - Mocoa - Neiva,2.823454,-75.293748,102,RIVERA,HUILA,41615,2023-10-21,2023,10,21,October
,INVIAS-OTROS,8.914356,33,0.0,CALI - JAMUNDÍ - LA PRIMAVERA,,3.334052,-76.523275,114,CALI,VALLE DEL CAUCA,76001,2023-07-01,2023,7,1,July
,INVIAS-OTROS,4.236583,10,2.3e-05,CALI - JAMUNDÍ - LA PRIMAVERA,,3.292549,-76.524099,109,CALI,VALLE DEL CAUCA,76001,2024-12-08,2024,12,8,December
,INVIAS-OTROS,5.872861,16,0.0,CALI - JAMUNDÍ - LA PRIMAVERA,,3.277813,-76.530515,107,JAMUNDÍ,VALLE DEL CAUCA,76364,2022-01-17,2022,1,17,January
,INVIAS-OTROS,5.701596,17,0.0,CALI - JAMUNDÍ - LA PRIMAVERA,,3.263976,-76.532714,106,JAMUNDÍ,VALLE DEL CAUCA,76364,2022-06-07,2022,6,7,June
,INVIAS-OTROS,5.658936,22,0.0,CALI - JAMUNDÍ - LA PRIMAVERA,,3.241905,-76.520027,103,JAMUNDÍ,VALLE DEL CAUCA,76364,2023-04-22,2023,4,22,April
,INVIAS-OTROS,2.699465,12,0.006945,SANTANDER DE QUILICHAO-CANDELARIA,,3.125511,-76.465252,87,VILLA RICA,CAUCA,19845,2024-12-05,2024,12,5,December
,INVIAS-OTROS,3.883253,16,0.000103,SANTANDER DE QUILICHAO-CANDELARIA,,3.202309,-76.437167,6,CALOTO,CAUCA,19142,2023-06-02,2023,6,2,June
4G021,ANI,1.725132,9,0.084504,POPAYÁN-SANTANDER DE QUILICHAO,Popayán – Santander de Quilichao,2.979634,-76.512275,69,SANTANDER DE QUILICHAO,CAUCA,19698,2022-04-09,2022,4,9,April
4G021,ANI,1.771262,5,0.076517,POPAYÁN-SANTANDER DE QUILICHAO,Popayán – Santander de Quilichao,2.96747,-76.523872,67,SANTANDER DE QUILICHAO,CAUCA,19698,2024-11-26,2024,11,26,November
4G021,ANI,1.771262,4,0.076517,POPAYÁN-SANTANDER DE QUILICHAO,Popayán – Santander de Quilichao,2.929906,-76.533393,61,SANTANDER DE QUILICHAO,CAUCA,19698,2022-10-07,2022,10,7,October
4G021,ANI,2.967562,4,0.003002,POPAYÁN-SANTANDER DE QUILICHAO,Popayán – Santander de Quilichao,2.905431,-76.548111,57,SANTANDER DE QUILICHAO,CAUCA,19698,2023-05-12,2023,5,12,May
4G021,ANI,2.143707,12,0.032056,POPAYÁN-SANTANDER DE QUILICHAO,Popayán – Santander de Quilichao,2.891072,-76.549033,55,SANTANDER DE QUILICHAO,CAUCA,19698,2022-10-29,2022,10,29,October
4G021,ANI,2.113062,3,0.034595,POPAYÁN-SANTANDER DE QUILICHAO,Popayán – Santander de Quilichao,2.856049,-76.547731,51,CALDONO,CAUCA,19137,2022-06-30,2022,6,30,June
4G021,ANI,1.771262,10,0.076517,POPAYÁN-SANTANDER DE QUILICHAO,Popayán – Santander de Quilichao,2.84217,-76.543632,49,CALDONO,CAUCA,19137,2023-08-30,2023,8,30,August
4G021,ANI,2.113062,6,0.034595,POPAYÁN-SANTANDER DE QUILICHAO,Popayán – Santander de Quilichao,2.827031,-76.53812,47,CALDONO,CAUCA,19137,2023-12-01,2023,12,1,December
4G021,ANI,1.848127,4,0.064584,POPAYÁN-SANTANDER DE QUILICHAO,Popayán – Santander de Quilichao,2.619268,-76.517618,19,CAJIBÍO,CAUCA,19130,2024-09-19,2024,9,19,September
4G021,ANI,2.113062,8,0.034595,POPAYÁN-SANTANDER DE QUILICHAO,Popayán – Santander de Quilichao,2.612005,-76.521688,19,CAJIBÍO,CAUCA,19130,2022-07-10,2022,7,10,July
4G021,ANI,2.454862,9,0.014094,POPAYÁN-SANTANDER DE QUILICHAO,Popayán – Santander de Quilichao,2.6019,-76.527638,17,CAJIBÍO,CAUCA,19130,2022-09-10,2022,9,10,September
4G021,ANI,1.771262,6,0.076517,POPAYÁN-SANTANDER DE QUILICHAO,Popayán – Santander de Quilichao,2.589271,-76.533741,15,CAJIBÍO,CAUCA,19130,2024-09-07,2024,9,7,September
,INVIAS-OTROS,1.88596,7,0.0593,NAN,,2.450318,-76.627068,3,POPAYÁN,CAUCA,19001,2024-07-16,2024,7,16,July
,INVIAS-OTROS,1.659538,7,0.097007,PASTO-POPAYÁN,,2.456928,-76.638843,58,POPAYÁN,CAUCA,19001,2022-05-08,2022,5,8,May
,INVIAS-OTROS,2.022182,6,0.043158,PASTO-POPAYÁN,,2.442898,-76.631766,2,POPAYÁN,CAUCA,19001,2022-01-18,2022,1,18,January
,INVIAS-OTROS,1.942162,4,0.052117,PASTO-POPAYÁN,,2.109391,-76.989407,41,PATÍA (EL BORDO),CAUCA,19532,2023-07-20,2023,7,20,July
,INVIAS-OTROS,2.699465,12,0.006945,PASTO-POPAYÁN,,1.409443,-77.285404,34,CHACHAGUÍ,NARIÑO,52240,2023-07-24,2023,7,24,July
,INVIAS-OTROS,2.884258,21,0.003923,PASTO - LA UNIÓN - MERCADERES,,1.233546,-77.288157,6,PASTO,NARIÑO,52001,2023-11-17,2023,11,17,November
,INVIAS-OTROS,3.480262,6,0.000501,PASTO - SANDONA - YACUANQUER,,1.228488,-77.290755,91,PASTO,NARIÑO,52001,2023-09-18,2023,9,18,September
,INVIAS-OTROS,2.33129,2,0.019738,PASTO - SANDONA - YACUANQUER,,1.235623,-77.300487,6,PASTO,NARIÑO,52001,2024-05-03,2024,5,3,May
,INVIAS-OTROS,2.77157,12,0.005579,NAN,,3.547273,-76.294634,23,PALMIRA,VALLE DEL CAUCA,76520,2024-08-19,2024,8,19,August
,INVIAS-OTROS,2.143707,13,0.032056,PALMIRA - EL PALO,,3.178586,-76.257139,38,CORINTO,CAUCA,19212,2022-06-04,2022,6,4,June
,INVIAS-OTROS,1.811623,9,0.070044,PALMIRA - EL PALO,,3.295063,-76.229263,52,FLORIDA,VALLE DEL CAUCA,76275,2023-05-05,2023,5,5,May
,INVIAS-OTROS,2.352995,1,0.018623,PALMIRA - EL PALO,,3.403672,-76.238295,68,PRADERA,VALLE DEL CAUCA,76563,2024-02-24,2024,2,24,February
,INVIAS-OTROS,2.352995,16,0.018623,PALMIRA - EL PALO,,3.418195,-76.242316,70,PRADERA,VALLE DEL CAUCA,76563,2022-09-03,2022,9,3,September
,INVIAS-OTROS,2.699465,12,0.006945,PALMIRA - EL PALO,,3.454401,-76.242808,74,PRADERA,VALLE DEL CAUCA,76563,2024-11-28,2024,11,28,November
,INVIAS-OTROS,4.163861,4,3.1e-05,CANDELARIA-BUGA,,3.421848,-76.350184,37,CANDELARIA,VALLE DEL CAUCA,76130,2024-01-29,2024,1,29,January
,INVIAS-OTROS,5.073733,26,0.0,SANTANDER DE QUILICHAO-CANDELARIA,,3.405531,-76.35194,35,CANDELARIA,VALLE DEL CAUCA,76130,2023-06-22,2023,6,22,June
,INVIAS-OTROS,1.811623,9,0.070044,SANTANDER DE QUILICHAO-CANDELARIA,,3.387203,-76.352804,33,CANDELARIA,VALLE DEL CAUCA,76130,2024-07-09,2024,7,9,July
,INVIAS-OTROS,2.699465,12,0.006945,EL CERRITO - OBANDO - CALI,,3.57099,-76.408845,sd,PALMIRA,VALLE DEL CAUCA,76520,2023-02-12,2023,2,12,February
,INVIAS-OTROS,2.77157,7,0.005579,NAN,,3.563894,-76.290876,26,PALMIRA,VALLE DEL CAUCA,76520,2023-06-09,2023,6,9,June
,INVIAS-OTROS,3.291359,14,0.000997,NAN,,3.580975,-76.281778,27,PALMIRA,VALLE DEL CAUCA,76520,2024-04-07,2024,4,7,April
,INVIAS-OTROS,2.699465,12,0.006945,GRANADA - VILLAVICENCIO,,4.102055,-73.658598,72,VILLAVICENCIO,META,50001,2024-06-21,2024,6,21,June
4G012,ANI,1.811623,9,0.070044,GRANADA - VILLAVICENCIO,IP Malla Vial del Meta,4.086963,-73.673234,70,VILLAVICENCIO,META,50001,2022-02-05,2022,2,5,February
4G012,ANI,4.179201,17,2.9e-05,GRANADA - VILLAVICENCIO,IP Malla Vial del Meta,3.975073,-73.767709,48,ACACÍAS,META,50006,2023-11-16,2023,11,16,November
4G012,ANI,1.811623,9,0.070044,GRANADA - VILLAVICENCIO,IP Malla Vial del Meta,3.846129,-73.763028,34,GUAMAL,META,50318,2022-01-20,2022,1,20,January
4G012,ANI,1.811623,9,0.070044,GRANADA - VILLAVICENCIO,IP Malla Vial del Meta,3.765605,-73.728621,24,CUBARRAL,META,50223,2022-11-17,2022,11,17,November
,INVIAS-OTROS,2.403517,11,0.016238,SAN JUAN DE ARAMA-GRANADA,,3.435439,-73.762426,93,GRANADA,META,50313,2023-05-27,2023,5,27,May
,INVIAS-OTROS,2.10757,10,0.035068,FLORENCIA - GUAYABAL - ALTAMIRA,,1.984003,-75.79456,5,SUAZA,HUILA,41770,2023-02-04,2023,2,4,February
,INVIAS-OTROS,2.995412,13,0.002741,FLORENCIA - GUAYABAL - ALTAMIRA,,1.958148,-75.799874,8,SUAZA,HUILA,41770,2023-10-16,2023,10,16,October
,INVIAS-OTROS,2.10757,10,0.035068,FLORENCIA - GUAYABAL - ALTAMIRA,,1.824159,-75.80044,28,SUAZA,HUILA,41770,2024-08-29,2024,8,29,August
,INVIAS-OTROS,2.113062,6,0.034595,FLORENCIA - GUAYABAL - ALTAMIRA,,1.625063,-75.612312,sd,FLORENCIA,CAQUETÁ,18001,2023-04-16,2023,4,16,April
,INVIAS-OTROS,2.77157,13,0.005579,FLORENCIA  - SAN VICENTE DEL CAGUÁN,,1.611408,-75.604107,sd,FLORENCIA,CAQUETÁ,18001,2024-04-13,2024,4,13,April
,INVIAS-OTROS,2.995412,13,0.002741,PASTO - LA UNIÓN - MERCADERES,,1.598288,-77.131184,89,LA UNIÓN,NARIÑO,52399,2023-12-28,2023,12,28,December
,INVIAS-OTROS,2.699465,12,0.006945,TUMACO-PEDREGAL,,1.390962,-78.52431,65,TUMACO,NARIÑO,52835,2024-05-03,2024,5,3,May
,INVIAS-OTROS,2.10757,10,0.035068,TUMACO-PEDREGAL,,1.401704,-78.567598,61,TUMACO,NARIÑO,52835,2022-02-20,2022,2,20,February
,INVIAS-OTROS,2.995412,13,0.002741,TUMACO-PEDREGAL,,1.658525,-78.745214,25,TUMACO,NARIÑO,52835,2023-07-29,2023,7,29,July
,INVIAS-OTROS,2.403517,11,0.016238,TUMACO-PEDREGAL,,1.700747,-78.768033,19,TUMACO,NARIÑO,52835,2022-05-30,2022,5,30,May
,INVIAS-OTROS,14.537352,52,0.0,TUMACO-PEDREGAL,,1.759821,-78.785521,13,TUMACO,NARIÑO,52835,2022-11-10,2022,11,10,November
,INVIAS-OTROS,6.329459,11,0.0,TUMACO-PEDREGAL,,1.798587,-78.787178,8,TUMACO,NARIÑO,52835,2023-07-24,2023,7,24,July
,INVIAS-OTROS,6.329459,25,0.0,TUMACO-PEDREGAL,,1.806879,-78.773299,5,TUMACO,NARIÑO,52835,2022-11-01,2022,11,1,November
,INVIAS-OTROS,2.144165,4,0.03202,IPIALES - ALDANA - GUACHUCAL,,0.828364,-77.65515,2,IPIALES,NARIÑO,52356,2023-11-13,2023,11,13,November
,INVIAS-OTROS,2.440202,15,0.014679,IPIALES - ALDANA - GUACHUCAL,,0.829329,-77.639032,24,IPIALES,NARIÑO,52356,2024-04-17,2024,4,17,April
4G025,ANI,3.309362,21,0.000935,IPIALES-PEDREGAL,Rumichaca – Pasto,0.833808,-77.601423,0,IPIALES,NARIÑO,52356,2024-12-13,2024,12,13,December
4G025,ANI,3.258129,2,0.001121,PUENTE RUMICHACA-IPIALES,Rumichaca – Pasto,0.826163,-77.615641,6,IPIALES,NARIÑO,52356,2024-09-29,2024,9,29,September
4G025,ANI,2.440202,8,0.014679,PUENTE RUMICHACA-IPIALES,Rumichaca – Pasto,0.821057,-77.639026,3,IPIALES,NARIÑO,52356,2023-03-20,2023,3,20,March
4G025,ANI,2.868352,1,0.004126,PUENTE RUMICHACA-IPIALES,Rumichaca – Pasto,0.821702,-77.625752,0,IPIALES,NARIÑO,52356,2023-09-05,2023,9,5,September
4G025,ANI,3.138462,5,0.001698,IPIALES-PEDREGAL,Rumichaca – Pasto,0.844634,-77.588471,10,IPIALES,NARIÑO,52356,2024-09-19,2024,9,19,September
,DEPTO,2.143707,1,0.032056,YOPAL - TAME,,6.444969,-71.734549,sd,TAME,ARAUCA,81794,2022-09-21,2022,9,21,September
,INVIAS-OTROS,2.10757,10,0.035068,TIERRALTA-PUERTO LIBERTADOR-MONTELÍBANO,,7.954895,-75.432629,sd,MONTELÍBANO,CÓRDOBA,23466,2024-12-12,2024,12,12,December
,INVIAS-OTROS,2.980858,10,0.002874,LA GLORIA- EL TARRA-CAMPO SEIS,,8.635917,-72.738802,sd,TIBÚ,NORTE DE SANTANDER,54810,2024-09-30,2024,9,30,September
,DEPTO,2.292183,10,0.021895,LA GLORIA- EL TARRA-CAMPO SEIS,,8.637569,-72.728412,sd,TIBÚ,NORTE DE SANTANDER,54810,2022-01-05,2022,1,5,January
,DEPTO,3.587306,15,0.000334,SAN ALBERTO - BUCARAMANGA,,7.251126,-73.149176,14,RIONEGRO,SANTANDER,68615,2024-02-13,2024,2,13,February
4G017,ANI,5.954884,23,0.0,NEIVA-GIRARDOT,IP  –  Neiva – Espinal - Girardot,4.209663,-74.852622,50,FLANDES,TOLIMA,73275,2024-05-26,2024,5,26,May
4G026,ANI,3.587306,15,0.000334,CHIGORODÓ-TURBO,Autopistas al Mar 2,7.873917,-76.635127,30,APARTADÓ,ANTIOQUIA,5045,2024-09-18,2024,9,18,September
3G012,ANI,2.699465,12,0.006945,BOSCONIA - CIENAGA,Ruta del Sol 3,9.780252,-73.748405,62,EL PASO,CESAR,20250,2024-06-02,2024,6,2,June
4G026,ANI,6.546778,25,0.0,CHIGORODÓ-TURBO,Autopistas al Mar 2,8.005361,-76.640697,16,TURBO,ANTIOQUIA,5837,2022-02-16,2022,2,16,February
3G012,ANI,2.403517,11,0.016238,BOSCONIA - CIENAGA,Ruta del Sol 3,10.31016,-74.046928,8,ALGARROBO,MAGDALENA,47030,2024-05-16,2024,5,16,May
4G016,ANI,2.699465,12,0.006945,SAN PELAYO-LORICA,IP – Antioquia – Bolívar,9.030229,-75.827469,25,COTORRA,CÓRDOBA,23300,2024-04-02,2024,4,2,April
4G017,ANI,4.771095,19,2e-06,NEIVA-GIRARDOT,IP  –  Neiva – Espinal - Girardot,3.728237,-75.078416,97,COYAIMA,TOLIMA,73217,2024-07-24,2024,7,24,July
